Jugador,Equipo,Pos,Precio
Elías Gómez,Vélez Sarsfield,DEF,2300000
Francisco Pizzini,Vélez Sarsfield,DEL,3600000
Braian Romero,Vélez Sarsfield,DEL,4000000
Claudio Aquino,Vélez Sarsfield,VOL,5000000
Tomás Marchiori,Vélez Sarsfield,ARQ,3100000
Agustín Bouzat,Vélez Sarsfield,VOL,1500000
Thiago Fernández,Vélez Sarsfield,DEL,1000000
Christian Ordoñez,Vélez Sarsfield,VOL,1000000
Joaquín García,Vélez Sarsfield,DEF,1700000
Valentín Gómez,Vélez Sarsfield,DEF,2000000
Emanuel Mammana,Vélez Sarsfield,DEF,3000000
Damián Fernández,Vélez Sarsfield,DEF,1300000
Patricio Pernicone,Vélez Sarsfield,DEF,400000
Tomás Guidara,Vélez Sarsfield,DEF,2500000
Jalil Elías,Vélez Sarsfield,VOL,2800000
Matías Pellegrini,Vélez Sarsfield,DEL,2000000
Aaron Quirós,Vélez Sarsfield,DEF,3000000
Leonel Roldán,Vélez Sarsfield,VOL,300000
Randall Rodríguez,Vélez Sarsfield,ARQ,1000000
Michael Santos,Vélez Sarsfield,DEL,4000000
Alejo Sarco,Vélez Sarsfield,DEL,800000
Rodrigo Piñeiro,Vélez Sarsfield,DEL,1500000
Juan Ignacio Méndez,Vélez Sarsfield,VOL,1000000
Agustín Lagos,Vélez Sarsfield,DEF,300000
Álvaro Montoro,Vélez Sarsfield,DEL,900000
Lautaro Garzón,Vélez Sarsfield,ARQ,600000
Maher Carrizo,Vélez Sarsfield,DEL,500000
Santiago Cáseres,Vélez Sarsfield,VOL,1700000
Lenny Lobato,Vélez Sarsfield,DEL,800000
Tomás Cavanagh,Vélez Sarsfield,DEF,600000
Francisco Montoro,Vélez Sarsfield,DEL,500000
Gianluca Benjamín,Vélez Sarsfield,DEL,300000
Leonardo Jara,Vélez Sarsfield,DEF,1000000
Isaías Andrada,Vélez Sarsfield,DEF,300000
Felipe Bussio,Vélez Sarsfield,VOL,300000
Elías Cabrera,Vélez Sarsfield,DEL,300000
Jano Gordon,Vélez Sarsfield,DEF,300000
Maximiliano Porcel,Vélez Sarsfield,VOL,300000
Thiago Silvero,Vélez Sarsfield,DEF,300000
Thiago Vecino,Vélez Sarsfield,DEL,1000000
Walter Mazzantti,Huracán,DEL,3000000
Lucas Carrizo,Huracán,DEF,1900000
Rodrigo Echeverría,Huracán,VOL,3300000
Hernán Galíndez,Huracán,ARQ,3000000
William Alarcón,Huracán,VOL,2000000
Rodrigo Cabral,Huracán,DEL,2000000
Fabio Pereyra,Huracán,DEF,2200000
Hernán De La Fuente,Huracán,DEF,1000000
Guillermo Benítez,Huracán,DEF,1900000
Federico Fattori,Huracán,VOL,2400000
Fernando Tobio,Huracán,DEF,3300000
Héctor Fértoli,Huracán,VOL,3000000
César Ibáñez,Huracán,DEF,1000000
Lucas Souto,Huracán,DEF,1800000
Sebastián Ramírez,Huracán,DEL,300000
Eric Ramírez,Huracán,DEL,1600000
Ignacio Pussetto,Huracán,DEL,5000000
Ramón Ábila,Huracán,DEL,2000000
Sebastián Meza,Huracán,ARQ,2000000
Agustín Toledo,Huracán,VOL,1000000
Alan Soñora,Huracán,VOL,2000000
Guillermo Burdisso,Huracán,DEF,2000000
Pablo Siles,Huracán,VOL,1000000
Franco Alfonso,Huracán,DEL,1300000
Leandro Garate,Huracán,DEL,1000000
Marcelo Pérez,Huracán,DEL,1000000
Franco Watson,Huracán,VOL,1000000
Andrés Roa,Huracán,VOL,2000000
Matías Gómez,Huracán,DEL,300000
Ignacio Campo,Huracán,DEF,300000
Nicolás Cordero,Huracán,DEL,600000
Leandro Figueredo,Huracán,DEF,300000
Guido Herrera,Talleres,ARQ,5000000
Gastón Benavídez,Talleres,DEF,2800000
Federico Girotti,Talleres,DEL,4000000
Miguel Navarro,Talleres,DEF,1100000
Juan Portillo,Talleres,DEF,2600000
Diego Ortegoza,Talleres,VOL,2500000
Rubén Botta,Talleres,VOL,6000000
Matías Galarza,Talleres,VOL,3800000
Juan Camilo Portilla,Talleres,VOL,1500000
Matías Catalán,Talleres,DEF,3400000
Marcos Portillo,Talleres,VOL,1300000
Lucas Suárez,Talleres,DEF,1600000
Bruno Barticciotto,Talleres,DEL,1500000
Alejandro Martínez,Talleres,DEL,3000000
Valentín Depietri,Talleres,DEL,1500000
Kevin Mantilla,Talleres,DEF,2500000
Blas Riveros,Talleres,DEF,1500000
Ramiro Ruiz,Talleres,DEL,2100000
Juan Rodríguez,Talleres,DEF,2600000
Franco Moyano,Talleres,VOL,2000000
Cristian Tarragona,Talleres,DEL,4000000
Alex Vigo,Talleres,DEF,2300000
Matías Esquivel,Talleres,VOL,2900000
Ramón Sosa,Talleres,DEL,5500000
Gustavo Bou,Talleres,DEL,4000000
Sebastián Palacios,Talleres,DEL,2800000
Lautaro Morales,Talleres,ARQ,1600000
Gustavo Albarracín,Talleres,VOL,300000
Matías Galarza Fonda,Talleres,VOL,1000000
Luis Sequeira,Talleres,VOL,1000000
Nahuel Bustos,Talleres,DEL,3000000
Imanol Segovia,Talleres,DEF,300000
Diego Barrera,Talleres,VOL,300000
Jeremías Gallard,Talleres,VOL,300000
Francisco Pozzo,Talleres,DEL,400000
José Romero,Talleres,DEL,500000
Franco Saavedra,Talleres,VOL,300000
Gonzalo Requena,Instituto,DEF,500000
Manuel Roffo,Instituto,ARQ,2000000
Gastón Lodico,Instituto,VOL,2900000
Damián Puebla,Instituto,DEL,1000000
Jonás Acevedo,Instituto,VOL,2300000
Fernando Alarcón,Instituto,DEF,3500000
Nicolás Dubersarsky,Instituto,VOL,600000
Giuliano Cerato,Instituto,DEF,1200000
Lucas Rodríguez,Instituto,DEF,2300000
Ignacio Russo,Instituto,DEL,1000000
Santiago Rodriguez,Instituto,DEL,2000000
Gregorio Rodríguez,Instituto,DEL,600000
Jonathan Bay,Instituto,DEF,2000000
Facundo Suárez,Instituto,DEL,800000
Juan Franco Arrellaga,Instituto,DEF,300000
Stéfano Moreyra,Instituto,VOL,600000
Miguel Brizuela,Instituto,DEF,1200000
Víctor Cabrera,Instituto,DEF,2000000
Franco Díaz,Instituto,VOL,1000000
Brian Cuello,Instituto,VOL,1400000
Damián Batallini,Instituto,DEL,2900000
Jeremías Lázaro,Instituto,DEL,300000
Silvio Romero,Instituto,DEL,3800000
Rodrigo Pérez,Instituto,VOL,700000
Francesco Lo Celso,Instituto,VOL,900000
Nicolás Barrientos,Instituto,VOL,300000
Emanuel Bilbao,Instituto,ARQ,300000
Lautaro Carrera,Instituto,DEF,300000
Matías Klimowicz,Instituto,DEL,300000
Guido Mainero,Instituto,DEL,500000
Joaquín Papaleo,Instituto,ARQ,1000000
Marcos Peano,Instituto,ARQ,1000000
Hugo Rojas,Instituto,VOL,300000
Matías Romero,Instituto,VOL,300000
Franco Pardo,Unión,DEF,1000000
Mauro Pittón,Unión,VOL,2800000
Thiago Cardozo,Unión,ARQ,1000000
Adrián Balboa,Unión,DEL,1800000
Bruno Pittón,Unión,DEF,3100000
Claudio Corvalán,Unión,DEF,2800000
Lautaro Vargas,Unión,DEF,300000
Nicolás Orsini,Unión,DEL,2000000
Simón Rivero,Unión,VOL,700000
Nicolás Paz,Unión,DEF,900000
Joaquín Mosqueira,Unión,VOL,300000
Mauro Luna Diale,Unión,VOL,1800000
Enzo Martín Roldán,Unión,VOL,1000000
Miguel Ángel Torrén,Unión,DEF,3700000
Federico Vera,Unión,DEF,2000000
Javier Morales,Unión,DEL,2100000
Juan Ludueña,Unión,DEF,300000
Lucas Gamba,Unión,DEL,4500000
Mateo Del Blanco,Unión,DEF,900000
Jerónimo Domina,Unión,VOL,1600000
Dante Campisi,Unión,ARQ,1000000
Patricio Tanda,Unión,VOL,700000
Valentín Fascendini,Unión,DEF,500000
Francisco Gerometta,Unión,DEF,2500000
Lionel Verde,Unión,VOL,300000
Tiago Banega,Unión,VOL,1000000
Rafael Profini,Unión,DEF,300000
Lucas Meuli,Unión,ARQ,300000
Francisco Pumpido,Unión,VOL,300000
Tomás Durso,Atlé Tucumán,ARQ,1300000
Adrián Guillermo Sánchez,Atlé Tucumán,VOL,1600000
Nicolás Romero,Atlé Tucumán,DEF,1500000
Renzo Tesuri,Atlé Tucumán,VOL,1800000
Guillermo Acosta,Atlé Tucumán,VOL,2400000
Mateo Bajamich,Atlé Tucumán,DEL,2000000
Juan Infante,Atlé Tucumán,DEF,1800000
Matías De los Santos,Atlé Tucumán,DEF,2300000
Moisés Brandán,Atlé Tucumán,DEF,600000
Joaquín Pereyra,Atlé Tucumán,VOL,4500000
Marcelo Estigarribia,Atlé Tucumán,DEL,2200000
Luis Miguel Rodríguez,Atlé Tucumán,DEL,4300000
Mateo Coronel,Atlé Tucumán,DEL,3500000
Francisco Flores,Atlé Tucumán,DEF,900000
Franco Nicola,Atlé Tucumán,VOL,300000
Agustín Lagos,Atlé Tucumán,DEF,400000
Matías Orihuela,Atlé Tucumán,DEF,1700000
Gianluca Ferrari,Atlé Tucumán,DEF,1200000
Justo Giani,Atlé Tucumán,VOL,1600000
Néstor Breitenbruch,Atlé Tucumán,DEF,1200000
Gino Peruzzi,Atlé Tucumán,DEF,2200000
Nicolás Castro,Atlé Tucumán,VOL,1900000
Rodrigo Iñaki Melo,Atlé Tucumán,VOL,1600000
Francisco Bonfiglio,Atlé Tucumán,DEL,800000
Tomás Castro,Atlé Tucumán,VOL,2100000
Nicolás Servetto,Atlé Tucumán,DEL,2900000
Julian Carrasco,Atlé Tucumán,VOL,300000
José Devecchi,Atlé Tucumán,ARQ,2000000
Lautaro Godoy,Atlé Tucumán,VOL,500000
Juan González,Atlé Tucumán,ARQ,600000
Rodrigo Morales,Atlé Tucumán,DEF,300000
Sergio Ortíz,Atlé Tucumán,VOL,300000
Paulo Díaz,River Plate,DEF,5400000
Franco Armani,River Plate,ARQ,5900000
Santiago Simón,River Plate,VOL,3000000
Miguel Borja,River Plate,DEL,6000000
Leandro González Pirez,River Plate,DEF,4000000
Facundo Colidio,River Plate,DEL,5000000
Pablo Solari,River Plate,DEL,4500000
Enzo Díaz,River Plate,DEF,4500000
Claudio Echeverri,River Plate,VOL,5000000
Matías Kranevitter,River Plate,VOL,3000000
Milton Casco,River Plate,DEF,2500000
Franco Mastantuono,River Plate,VOL,3000000
Manuel Lanzini,River Plate,VOL,4000000
Ignacio Fernández,River Plate,VOL,4500000
Nicolas Fonseca,River Plate,VOL,2500000
Germán Pezzella,River Plate,DEF,6000000
Fabricio Bustos,River Plate,DEF,4300000
Rodrigo Aliendro,River Plate,VOL,4500000
Marcos Acuña,River Plate,DEF,6500000
Ezequiel Barco,River Plate,VOL,6200000
Agustín Sant'Anna,River Plate,DEF,3200000
Felipe Peña,River Plate,VOL,2000000
Maximiliano Meza,River Plate,VOL,4900000
Adam Bareiro,River Plate,DEL,5000000
Sebastián Boselli,River Plate,DEF,1000000
Jeremías Ledesma,River Plate,ARQ,4600000
Federico Gattoni,River Plate,DEF,3500000
Rodrigo Villagra,River Plate,VOL,4700000
Ezequiel Centurión,River Plate,ARQ,1000000
Ramiro Funes Mori,River Plate,DEF,2000000
Agustín Ruberto,River Plate,DEL,2000000
Agustín Palavecino,River Plate,VOL,3600000
Héctor David Martínez,River Plate,DEF,3500000
Ian Subiabre,River Plate,VOL,700000
Santiago Lencina,River Plate,DEL,300000
Daniel Zabala,River Plate,DEF,800000
Santiago Beltrán,River Plate,ARQ,300000
Franco Carboni,River Plate,DEF,500000
Marcelo Herrera,River Plate,DEF,1500000
Lucas Lavagnino,River Plate,ARQ,300000
Santiago Sosa,Racing Club,DEF,5000000
Gastón Martirena,Racing Club,DEF,2600000
Gabriel Arias,Racing Club,ARQ,4900000
Agustín Almendra,Racing Club,VOL,3500000
Maximiliano Salas,Racing Club,DEL,3500000
Adrián Martínez,Racing Club,DEL,6500000
Gabriel Rojas,Racing Club,DEF,3400000
Juan Nardoni,Racing Club,VOL,3900000
Marco Di Cesare,Racing Club,DEF,3000000
Santiago Quiros,Racing Club,DEF,600000
Nazareno Colombo,Racing Club,DEF,3500000
Roger Martínez,Racing Club,DEL,5200000
Johan Carbonero,Racing Club,DEL,6000000
Baltasar Gallego,Racing Club,VOL,3000000
Agustín Urzi,Racing Club,VOL,2500000
Bruno Zuculini,Racing Club,VOL,3500000
Leonardo Sigali,Racing Club,DEF,4000000
Facundo Mura,Racing Club,DEF,3300000
Juan Quintero,Racing Club,VOL,5800000
Agustín García Basso,Racing Club,DEF,1500000
Facundo Cambeses,Racing Club,ARQ,4000000
Juan Manuel Elordi,Racing Club,DEF,1100000
Santiago Solari,Racing Club,DEL,2900000
Germán Conti,Racing Club,DEF,3000000
Martín Barrios,Racing Club,VOL,1700000
David González,Racing Club,VOL,600000
Iván Pillud,Racing Club,DEF,1000000
Matías Acevedo,Racing Club,VOL,300000
Ignacio Galván,Racing Club,DEF,300000
Tobías Rubio,Racing Club,DEF,300000
Matías Bergara,Racing Club,VOL,300000
Ramiro Degregorio,Racing Club,DEL,300000
Gonzalo Escudero,Racing Club,DEF,300000
Francisco Gómez,Racing Club,ARQ,300000
Roberto León,Racing Club,ARQ,500000
Leonel Miranda,Racing Club,VOL,1000000
Pedro Paredes,Racing Club,VOL,300000
Luciano Vietto,Racing Club,DEL,5000000
Esteban Rolón,Belgrano,VOL,2000000
Francisco González,Belgrano,VOL,2400000
Alejandro Rébola,Belgrano,DEF,2000000
Juan Velazquez,Belgrano,DEF,1000000
Mariano Troilo,Belgrano,DEF,600000
Franco Jara,Belgrano,DEL,3900000
Facundo Quignon,Belgrano,VOL,1600000
Gabriel Compagnucci,Belgrano,DEF,1500000
Juan Barinaga,Belgrano,DEF,3000000
Nicolás Fernández,Belgrano,DEL,4800000
Juan Espínola,Belgrano,ARQ,1200000
Santiago Longo,Belgrano,VOL,2000000
Agustín Baldi,Belgrano,DEF,700000
Rafael Marcelo Delgado,Belgrano,DEF,2700000
Bryan Reyna,Belgrano,DEL,1900000
Matias Moreno,Belgrano,DEF,1200000
Matías Suárez,Belgrano,DEL,3000000
Ignacio Chicco,Belgrano,ARQ,1200000
Nahuel Losada,Belgrano,ARQ,4000000
Pablo Chavarría,Belgrano,DEL,1000000
Anibal Leguizamón,Belgrano,DEF,1200000
Nicolás Meriano,Belgrano,DEF,800000
Facundo Lencioni,Belgrano,VOL,600000
Gerónimo Heredia,Belgrano,DEF,300000
Francisco Facello,Belgrano,DEF,300000
Matías Marín,Belgrano,VOL,900000
Ramiro Hernandes,Belgrano,VOL,300000
Lucas Bustos,Belgrano,VOL,300000
Ignacio Tapia,Belgrano,VOL,300000
Máximo Oses,Belgrano,DEL,300000
Lucas Menossi,Belgrano,VOL,4000000
Jeremías Lucco,Belgrano,DEL,1300000
Lucas Bernabéu,Belgrano,DEF,300000
Ariel Rojas,Belgrano,VOL,1900000
Franco Rami,Belgrano,VOL,300000
Lucas Argayo,Belgrano,ARQ,300000
Mirko Bonfigli,Belgrano,VOL,300000
Matías Daniele,Belgrano,ARQ,300000
Santiago Ferez,Belgrano,ARQ,300000
Matías García,Belgrano,VOL,300000
Juan Herrera,Belgrano,DEF,300000
Gonzalo Maffini,Belgrano,DEF,300000
Matías Palavecino,Belgrano,VOL,300000
Lúcio Velazco,Belgrano,DEF,300000
Gonzalo Zelarayán,Belgrano,DEL,300000
Miguel Merentiel,Boca Juniors,DEL,6000000
Lautaro Blanco,Boca Juniors,DEF,4500000
Sergio Romero,Boca Juniors,ARQ,4000000
Guillermo Matías Fernández,Boca Juniors,VOL,4000000
Kevin Zenon,Boca Juniors,VOL,5300000
Cristian Medina,Boca Juniors,VOL,5000000
Luis Advíncula,Boca Juniors,DEF,5700000
Cristian Lema,Boca Juniors,DEF,4000000
Edinson Cavani,Boca Juniors,DEL,6500000
Lautaro Di Lollo,Boca Juniors,DEF,500000
Tomás Belmonte,Boca Juniors,VOL,3500000
Aaron Anselmino,Boca Juniors,DEF,3200000
Gary Medel,Boca Juniors,DEF,3000000
Marcos Rojo,Boca Juniors,DEF,4000000
Milton Giménez,Boca Juniors,DEL,4300000
Jorge Figal,Boca Juniors,DEF,4500000
Brian Aguirre,Boca Juniors,DEL,3800000
Ezequiél Fernández,Boca Juniors,VOL,5100000
Marcelo Saracchi,Boca Juniors,DEF,3000000
Ignacio Miramon,Boca Juniors,VOL,3500000
Exequiel Zeballos,Boca Juniors,DEL,4500000
Agustín Martegani,Boca Juniors,VOL,2500000
Leandro Brey,Boca Juniors,ARQ,700000
Milton Delgado,Boca Juniors,VOL,300000
Juan Barinaga,Boca Juniors,DEF,2000000
Luca Langoni,Boca Juniors,DEL,4300000
Jabes Saralegui,Boca Juniors,VOL,800000
Mateo Mendía,Boca Juniors,DEF,300000
Lucas Janson,Boca Juniors,DEL,2500000
Vicente Taborda,Boca Juniors,VOL,1000000
Frank Fabra,Boca Juniors,DEF,3000000
Julián Ceballos,Boca Juniors,VOL,400000
Dylan Gorosito,Boca Juniors,DEF,400000
Norberto Briasco,Boca Juniors,VOL,1000000
Iker Zufiaurre,Boca Juniors,DEL,300000
Jorman Campuzano,Boca Juniors,VOL,2500000
Walter Molas,Boca Juniors,DEF,300000
Mauricio Benítez,Boca Juniors,VOL,400000
Ezequiel Bullaude,Boca Juniors,VOL,1000000
Santiago Dalmasso,Boca Juniors,VOL,300000
Javier Hernán García,Boca Juniors,ARQ,2000000
Juan Payal,Boca Juniors,DEL,300000
Juan Ramírez,Boca Juniors,VOL,1500000
Ignacio Rodríguez,Boca Juniors,DEL,500000
Joaquín Ruíz,Boca Juniors,VOL,300000
Ignacio Arce,Deportivo Riestra,ARQ,3000000
Nicolás Sansotre,Deportivo Riestra,DEF,700000
Alan Barrionuevo,Deportivo Riestra,DEF,1500000
Jonathan Herrera,Deportivo Riestra,DEL,3500000
Pablo Monje,Deportivo Riestra,VOL,300000
Pedro Ramírez,Deportivo Riestra,DEF,500000
Nicolás Caro,Deportivo Riestra,DEF,1000000
Milton Céliz,Deportivo Riestra,VOL,2000000
Jonatan Goitía,Deportivo Riestra,VOL,600000
Guillermo Pereira,Deportivo Riestra,VOL,1000000
Brían Sánchez,Deportivo Riestra,VOL,700000
Antony Alonso,Deportivo Riestra,DEL,400000
Rodrigo Sayavedra,Deportivo Riestra,DEF,500000
Gustavo Fernández,Deportivo Riestra,DEL,1300000
Jonathan Goya,Deportivo Riestra,VOL,500000
Gonzalo Bravo,Deportivo Riestra,VOL,800000
Nicolás Benegas,Deportivo Riestra,DEL,1100000
Nicolas Dematei,Deportivo Riestra,DEF,800000
Yaison Murillo,Deportivo Riestra,DEF,900000
Leonardo Landriel,Deportivo Riestra,VOL,700000
Alexander Díaz,Deportivo Riestra,DEL,1500000
Maximiliano Rodríguez,Deportivo Riestra,DEF,800000
Delfor Minervino,Deportivo Riestra,DEF,600000
Tomás Villoldo,Deportivo Riestra,DEF,400000
Walter Acuña,Deportivo Riestra,DEL,900000
Maximiliano Brito,Deportivo Riestra,DEL,600000
Cristian Paz,Deportivo Riestra,DEF,600000
José Méndez,Deportivo Riestra,DEL,600000
Walter Rodríguez,Deportivo Riestra,VOL,1000000
Mario Sanabria,Deportivo Riestra,VOL,700000
Rodrigo Cavallera,Deportivo Riestra,DEF,400000
Jaime Barceló,Deportivo Riestra,ARQ,300000
Gustavo Benítez,Deportivo Riestra,DEF,500000
Joaquín Borja,Deportivo Riestra,VOL,800000
Juan Dobboletta,Deportivo Riestra,ARQ,300000
Ramón Gonzalez,Deportivo Riestra,DEL,300000
Nahuel Iribarren,Deportivo Riestra,DEF,300000
Jeremías James,Deportivo Riestra,DEF,900000
Rodrigo Saracho,Deportivo Riestra,ARQ,1100000
Matías Mansilla,Estudiantes,ARQ,2800000
Tiago Palacios,Estudiantes,DEL,2700000
Luciano Lollo,Estudiantes,DEF,3000000
Enzo Pérez,Estudiantes,VOL,4200000
Santiago Ascacíbar,Estudiantes,VOL,3900000
Guido Carrillo,Estudiantes,DEL,5000000
Pablo Piatti,Estudiantes,VOL,3600000
Eric Meza,Estudiantes,DEF,3200000
Edwuin Cetré,Estudiantes,DEL,3300000
Gastón Benedetti,Estudiantes,DEF,1800000
Facundo Rodríguez,Estudiantes,DEF,1400000
José Sosa,Estudiantes,VOL,2000000
Eros Mancuso,Estudiantes,DEF,2500000
Federico Fernández,Estudiantes,DEF,3000000
Luciano Giménez,Estudiantes,DEL,2200000
Santiago Arzamendia,Estudiantes,DEF,2500000
Gabriel Neves,Estudiantes,VOL,4400000
Sebastián Boselli,Estudiantes,DEF,3600000
Javier Marcelo Correa,Estudiantes,DEL,3000000
Alexis Manyoma,Estudiantes,VOL,1000000
Fernando Zuqui,Estudiantes,VOL,2500000
Zaid Romero,Estudiantes,DEF,3000000
Santiago Flores,Estudiantes,DEF,1500000
Nicolás Fernández,Estudiantes,DEF,300000
Bautista Kociubinski,Estudiantes,VOL,800000
Román Gómez,Estudiantes,DEF,300000
Mauro Méndez,Estudiantes,DEL,2800000
Nehuén Benedetti,Estudiantes,VOL,400000
Fabricio Pérez,Estudiantes,VOL,300000
Joaquín Burgos,Estudiantes,VOL,300000
Emanuel Dall'Aglio,Estudiantes,DEF,500000
Franco Zapiola,Estudiantes,DEL,1000000
Matías Contrera,Estudiantes,DEL,300000
Axel Atum,Estudiantes,DEL,600000
Ezequiel Naya,Estudiantes,DEF,300000
Mikel Amondarain,Estudiantes,VOL,300000
Rodrigo Borzone,Estudiantes,ARQ,300000
Lucas Cornejo,Estudiantes,VOL,300000
Fabricio Iacovich,Estudiantes,ARQ,900000
Joaquín Pereyra,Estudiantes,DEF,300000
Valente Pierani,Estudiantes,DEF,300000
Benjamín Sagües,Estudiantes,DEL,300000
Javier Urzúa,Estudiantes,VOL,300000
Juan Zozaya,Estudiantes,ARQ,300000
Bruno Leyes,Godoy Cruz,VOL,1500000
Franco Petroli,Godoy Cruz,ARQ,2100000
Lucas Arce,Godoy Cruz,DEF,2400000
Vicente Poggi,Godoy Cruz,VOL,1200000
Pier Barrios,Godoy Cruz,DEF,3100000
Federico Rasmussen,Godoy Cruz,DEF,3000000
Facundo Altamira,Godoy Cruz,DEL,300000
Daniel Barrea,Godoy Cruz,DEL,800000
Roberto Nicolás Fernández,Godoy Cruz,VOL,1900000
Salomón Rodríguez,Godoy Cruz,DEL,3000000
Elías Pereyra,Godoy Cruz,DEF,1200000
Martín Luciano,Godoy Cruz,DEF,500000
Silvio Ulariaga,Godoy Cruz,DEL,300000
Juan Bautista Cejas,Godoy Cruz,DEL,900000
Gonzalo Abrego,Godoy Cruz,VOL,2300000
Martín Pino,Godoy Cruz,DEL,600000
Mateo Mendoza,Godoy Cruz,DEF,300000
Juan Pérez,Godoy Cruz,VOL,500000
Thomas Galdames,Godoy Cruz,DEF,2700000
Gastón Emanuel Moreyra,Godoy Cruz,VOL,600000
Santino Andino,Godoy Cruz,DEL,300000
Facundo Ardiles,Godoy Cruz,DEF,400000
Tomás Conechny,Godoy Cruz,DEL,2300000
Mariano Santiago,Godoy Cruz,VOL,400000
Facundo Butti,Godoy Cruz,DEF,600000
Roberto Ramírez,Godoy Cruz,ARQ,900000
Brian Salvareschi,Godoy Cruz,DEF,2200000
Julián Eseiza,Godoy Cruz,DEL,500000
Tomás Badaloni,Godoy Cruz,DEL,2400000
Cristian Torres,Godoy Cruz,VOL,900000
Manuel Guillén,Godoy Cruz,DEF,600000
Marcos Montiel,Godoy Cruz,VOL,800000
Enzo Briones,Godoy Cruz,VOL,300000
Agustín Villalobos,Godoy Cruz,VOL,300000
Santiago Martínez,Godoy Cruz,VOL,400000
Luciano Cingolani,Godoy Cruz,VOL,600000
Juan Andrada,Godoy Cruz,VOL,1000000
Lucio Falasco,Godoy Cruz,VOL,300000
Alexis González,Godoy Cruz,DEL,700000
Juan Morán,Godoy Cruz,DEF,300000
Luciano Pascual,Godoy Cruz,DEL,300000
Edilson Salinas,Godoy Cruz,ARQ,300000
Rodrigo Castillo,Gimnasia–LP,DEL,900000
Juan Pintado,Gimnasia–LP,DEF,900000
Yonathan Cabral,Gimnasia–LP,DEF,2000000
Leonardo Morales,Gimnasia–LP,DEF,4600000
Lucas Castro,Gimnasia–LP,VOL,3000000
Nicolás Colazo,Gimnasia–LP,DEF,2700000
Matías Abaldo,Gimnasia–LP,DEL,2100000
Benjamín Domínguez,Gimnasia–LP,DEL,4000000
Nicolás Garayalde,Gimnasia–LP,VOL,1500000
Marcos Ignacio Ledesma,Gimnasia–LP,ARQ,1500000
Pablo de Blasis,Gimnasia–LP,VOL,2000000
Nelson Insfrán,Gimnasia–LP,ARQ,900000
David Zalazar,Gimnasia–LP,DEL,800000
Martín Fernández,Gimnasia–LP,VOL,1000000
Rodrigo Saravia,Gimnasia–LP,VOL,2500000
Valentín Rodríguez,Gimnasia–LP,VOL,1100000
Juan Cortazzo,Gimnasia–LP,DEF,300000
Gustavo Canto,Gimnasia–LP,DEF,1600000
Norberto Briasco,Gimnasia–LP,DEL,2500000
Rodrigo Gallo,Gimnasia–LP,DEF,300000
Agustín Bolívar,Gimnasia–LP,VOL,1000000
Enzo Martínez,Gimnasia–LP,DEF,900000
Augusto Max,Gimnasia–LP,VOL,1000000
Juan Esquivel,Gimnasia–LP,DEL,1400000
Matías Miranda,Gimnasia–LP,VOL,1000000
Franco Troyansky,Gimnasia–LP,DEL,2000000
Fabricio Corbalan,Gimnasia–LP,DEF,300000
Felipe Sánchez,Gimnasia–LP,DEF,500000
Eric Ramírez,Gimnasia–LP,DEL,1000000
Yonatan Rodríguez,Gimnasia–LP,VOL,1000000
Santino Primante,Gimnasia–LP,DEL,300000
Guillermo Enrique,Gimnasia–LP,DEF,1000000
Cristian Colmán,Gimnasia–LP,DEL,1400000
Jeremias Merlo,Gimnasia–LP,DEL,300000
Nicolás Sánchez,Gimnasia–LP,DEL,300000
Lautaro Chávez,Gimnasia–LP,DEL,1200000
Matías Ramírez,Gimnasia–LP,DEL,300000
Brian Blasi,Gimnasia–LP,DEF,900000
Luciano Gómez,Gimnasia–LP,DEF,1000000
Julián Kadijevic,Gimnasia–LP,ARQ,400000
Leandro Mamut,Gimnasia–LP,VOL,400000
Federico Milo,Gimnasia–LP,DEF,1000000
Valentin Peñalva,Gimnasia–LP,DEL,300000
Jorge Broun,Rosario Central,ARQ,3800000
Franco Ibarra,Rosario Central,VOL,2000000
Víctor Malcorra,Rosario Central,VOL,5200000
Mauricio Martínez,Rosario Central,VOL,2500000
Emanuel Coronel,Rosario Central,DEF,1800000
Facundo Mallo,Rosario Central,DEF,3000000
Jaminton Campaz,Rosario Central,DEL,4900000
Enzo Copetti,Rosario Central,DEL,4400000
Agustín Sández,Rosario Central,DEF,1700000
Jonathan David Gómez,Rosario Central,DEL,300000
Kevin Ortíz,Rosario Central,VOL,900000
Alan Rodríguez,Rosario Central,DEF,2000000
Juan Giménez,Rosario Central,DEF,300000
Carlos Quintana,Rosario Central,DEF,4000000
Damián Martínez,Rosario Central,DEF,3500000
Agustín Módica,Rosario Central,DEL,300000
Laurtaro Giaccone,Rosario Central,DEL,900000
Maximiliano Lovera,Rosario Central,DEL,2300000
Miguel Barbieri,Rosario Central,DEF,3200000
Juan Cruz Komar,Rosario Central,DEF,3500000
Francesco Lo Celso,Rosario Central,DEL,1000000
Marco Ruben,Rosario Central,DEL,3000000
Axel Werner,Rosario Central,ARQ,1800000
Tomás O'Connor,Rosario Central,VOL,1000000
Augusto Solari,Rosario Central,VOL,3700000
Luca Martínez,Rosario Central,DEL,1700000
Elías Ocampo,Rosario Central,DEL,300000
Tobías Cervera,Rosario Central,DEL,1000000
Gaspar Duarte,Rosario Central,VOL,300000
Fabricio Oviedo,Rosario Central,DEL,300000
Giovanni Bogado,Rosario Central,DEL,600000
Thiago Ponce,Rosario Central,DEL,300000
Samuel Beltrán,Rosario Central,VOL,300000
Facundo Cardozo,Rosario Central,DEF,1000000
Felipe Carnicero,Rosario Central,VOL,300000
Kevin Gutiérrez,Rosario Central,VOL,300000
Valentino Quintero,Rosario Central,ARQ,300000
Santiago Segovia,Rosario Central,VOL,300000
Kevin Silva,Rosario Central,DEF,800000
Rodrigo Rey,Independiente,ARQ,5500000
Joaquín Laso,Independiente,DEF,2400000
Gabriel Ávalos,Independiente,DEL,5200000
Rubén Martínez,Independiente,VOL,700000
Iván Marcone,Independiente,VOL,3100000
Damián Pérez,Independiente,DEF,2000000
Santiago López,Independiente,DEL,900000
Juan Fedorco,Independiente,DEF,700000
Felipe Loyola,Independiente,VOL,1800000
Kevin Lomónaco,Independiente,DEF,2500000
Alex Luna,Independiente,VOL,700000
Lucas González,Independiente,VOL,1800000
Santiago Salle,Independiente,DEF,300000
Diego Tarzia,Independiente,DEL,300000
Federico Mancuello,Independiente,VOL,4000000
Federico Vera,Independiente,DEF,2800000
Adrián Sporle,Independiente,DEF,900000
Santiago Montiel,Independiente,DEL,1800000
Mauricio Isla,Independiente,DEF,3500000
Lautaro Millán,Independiente,VOL,300000
Marco Pellegrino,Independiente,DEF,1500000
Alexis Canelo,Independiente,DEL,3100000
Santiago Hidalgo,Independiente,DEL,600000
Ignacio Maestro Puch,Independiente,DEL,1900000
Jhonny Quiñónez,Independiente,VOL,1200000
Gabriel Neves,Independiente,VOL,4400000
Felipe Aguilar,Independiente,DEF,1400000
Rodrigo Márquez,Independiente,VOL,1000000
Santiago Toloza,Independiente,VOL,2100000
Javier Ruiz,Independiente,VOL,300000
Javier Vallejo,Independiente,DEL,1200000
Diego Segovia,Independiente,ARQ,300000
Mateo Barcia,Independiente,VOL,1400000
Julio Buffarini,Independiente,DEF,3000000
Fernando Da Rosa,Independiente,DEF,300000
Jonathan De Irastorza,Independiente,DEF,300000
Ezequiel Duarte,Independiente,DEF,300000
Luciano Echeverria,Independiente,DEF,300000
Edgar Elizalde,Independiente,DEF,300000
Mateo Morro,Independiente,ARQ,300000
Tomás Parmo,Independiente,DEL,300000
Julian Scafati,Independiente,DEF,300000
Agustín Cardozo,Tigre,VOL,3000000
Tomás Galván,Tigre,VOL,1700000
Gonzalo Maroni,Tigre,VOL,2900000
Felipe Zenobio,Tigre,ARQ,900000
Martín Ortega,Tigre,DEF,300000
Blas Armoa,Tigre,DEL,2000000
Martín Garay,Tigre,DEF,1100000
Brian Alexis Leizza,Tigre,DEF,800000
Florián Monzón,Tigre,DEL,1500000
Nehuén Paz,Tigre,DEF,1500000
Nahuel Banegas,Tigre,DEF,600000
Santiago González,Tigre,VOL,300000
Gian Nardelli,Tigre,DEF,1000000
Kevin Lomónaco,Tigre,DEF,2300000
Angelo Marchese,Tigre,DEF,300000
Tomás Fernández,Tigre,DEF,300000
Leandro Contín,Tigre,DEL,1200000
Alan Sosa,Tigre,ARQ,500000
Valentín Moreno,Tigre,DEF,300000
Leonel Miranda,Tigre,VOL,2800000
Facundo Ferreyra,Tigre,DEL,2500000
Tomás Cavanagh,Tigre,DEF,1000000
Sebastián Medina,Tigre,DEF,1000000
Eric Ramírez,Tigre,DEL,1700000
Lorenzo Scipioni,Tigre,VOL,300000
Camilo Viganoni,Tigre,DEL,400000
Nahuel Génez,Tigre,DEF,600000
Darío Sarmiento,Tigre,DEL,2200000
Ezequiel Forclaz,Tigre,VOL,1500000
Bernardo Benítez,Tigre,VOL,300000
Flabián Londoño,Tigre,DEL,2000000
Ramón Arias,Tigre,DEF,2000000
Juan Esquivel,Tigre,DEL,300000
Matias Espíndola,Tigre,VOL,600000
Augusto Aguirre,Tigre,DEF,300000
Brahian Alemán,Tigre,VOL,3000000
Mateo Caceres,Tigre,VOL,300000
Tomas Chavez,Tigre,VOL,300000
Luka Fuster,Tigre,ARQ,300000
Tomás Lecanda,Tigre,DEF,300000
Pablo Minissale,Tigre,DEF,1500000
Dayro Pena,Tigre,VOL,300000
Sebastián Sánchez,Tigre,VOL,300000
Matías Tagliamonte,Tigre,ARQ,1000000
Gastón Suso,Platense,DEF,3000000
Fernando Juárez,Platense,VOL,1500000
Juan Cozzani,Platense,ARQ,600000
Sasha Marcich,Platense,DEF,1100000
Ignacio Vázquez,Platense,DEF,1900000
Mateo Pellegrino,Platense,DEL,3500000
Leonel Picco,Platense,VOL,2800000
Bautista Barros Schelotto,Platense,DEF,500000
Guido Mainero,Platense,VOL,2700000
Franco Minerva,Platense,VOL,300000
Iván Gómez,Platense,VOL,2700000
Lucas Ocampo,Platense,VOL,1200000
Ronaldo Martínez,Platense,DEL,2600000
Juan Saborido,Platense,DEF,1000000
Carlos Villalba,Platense,VOL,2000000
Vicente Taborda,Platense,VOL,1900000
Augusto Lotti,Platense,DEL,2500000
Agustin Quiroga,Platense,DEF,500000
Juan Pignani,Platense,DEF,800000
Facundo Russo,Platense,VOL,700000
Franco Zapiola,Platense,VOL,1100000
Braian Rivero,Platense,VOL,1300000
Oscar Salomón,Platense,DEF,1000000
Nicolás Sumavil,Platense,ARQ,600000
Ignacio Schor,Platense,VOL,1100000
Franco Baldassarra,Platense,VOL,800000
Lisandro Montenegro,Platense,VOL,700000
Luis Angulo,Platense,VOL,300000
Gabriel Hachen,Platense,VOL,1400000
Maximiliano Urruti,Platense,DEL,1900000
Manuel Tucker,Platense,VOL,300000
Rodrigo Márquez,Platense,DEL,1300000
Juan Goicochea,Platense,DEL,500000
Luciano Ferreyra,Platense,VOL,1400000
Joaquín Blázquez,Platense,ARQ,1000000
Tobías Cervera,Platense,DEL,1000000
Andrés Desábato,Platense,ARQ,900000
Agustín Obando,Platense,DEL,1000000
Nicolás Ortíz,Platense,VOL,300000
Gonzalo Valdivia,Platense,DEF,300000
Marcelino Moreno,Lanús,VOL,4400000
Nicolás Morgantini,Lanús,DEF,1800000
Walter Bou,Lanús,DEL,4000000
Ramiro Carrera,Lanús,VOL,2000000
Raúl Loaiza,Lanús,VOL,3500000
Carlos Izquierdoz,Lanús,DEF,4000000
Nery Domínguez,Lanús,DEF,3000000
Brian Luciatti,Lanús,DEF,3000000
Julio Soler,Lanús,DEF,2000000
Ezequiel Muñoz,Lanús,DEF,2200000
Alan Aguerre,Lanús,ARQ,3500000
Nahuel Losada,Lanús,ARQ,3000000
Gonzalo Pérez,Lanús,DEF,1500000
Eduardo Salvio,Lanús,DEL,4500000
Braian Aguirre,Lanús,DEF,2400000
Felipe Peña,Lanús,VOL,3300000
Jonathan Torres,Lanús,DEL,1700000
Juan Cáceres,Lanús,DEF,1500000
Luciano Boggio,Lanús,VOL,3000000
Fabio Álvarez,Lanús,VOL,3000000
Dylan Aquino,Lanús,DEL,700000
Mateo Sanabria,Lanús,VOL,2100000
Lautaro Acosta,Lanús,VOL,3900000
Leandro Díaz,Lanús,DEL,4700000
Augusto Lotti,Lanús,DEL,1000000
Agustín Rodríguez,Lanús,DEL,1000000
Óctavio Ontivero,Lanús,DEF,300000
David González,Lanús,VOL,300000
Bruno Cabrera,Lanús,DEL,300000
Jose Domínguez,Lanús,DEF,300000
Thiago Balbuena,Lanús,DEL,300000
Lucas Besozzi,Lanús,VOL,1000000
Leonel Cardozo,Lanús,DEF,300000
Nicolás Cláa,Lanús,ARQ,300000
Mariano Gerez,Lanús,VOL,300000
Alexis González,Lanús,DEL,300000
Lucas Irusta,Lanús,DEF,300000
Agustín Medina,Lanús,VOL,300000
Franco Watson,Lanús,VOL,300000
Franco Romero,Independiente Rivadavia,VOL,1000000
Lautaro Ríos,Independiente Rivadavia,VOL,700000
Ezequiel Ham,Independiente Rivadavia,VOL,1700000
Ezequiel Centurión,Independiente Rivadavia,ARQ,1800000
Tobías Ostchega,Independiente Rivadavia,DEF,900000
Sebastián Villa,Independiente Rivadavia,DEL,4000000
Bruno Bianchi,Independiente Rivadavia,DEF,2000000
Iván Villalba,Independiente Rivadavia,DEF,500000
Tiago Palacios,Independiente Rivadavia,DEF,2000000
Fernando Romero,Independiente Rivadavia,DEL,800000
Mauricio Asenjo,Independiente Rivadavia,DEL,1900000
Matías Ruíz Díaz,Independiente Rivadavia,DEF,900000
Luciano Abecasis,Independiente Rivadavia,DEF,1000000
Gonzalo Marinelli,Independiente Rivadavia,ARQ,2100000
Matías Reali,Independiente Rivadavia,DEL,3000000
Federico Milo,Independiente Rivadavia,DEF,1100000
Francisco Petrasso,Independiente Rivadavia,DEF,900000
Esteban Burgos,Independiente Rivadavia,DEF,2000000
Sheyko Studer,Independiente Rivadavia,DEF,300000
Gonzalo Ríos,Independiente Rivadavia,DEL,700000
Agustín Mulet,Independiente Rivadavia,VOL,1400000
Luciano Gómez,Independiente Rivadavia,DEF,800000
Luis Sequeira,Independiente Rivadavia,VOL,800000
Juan Cavallaro,Independiente Rivadavia,DEL,1300000
Gonzalo Álvez,Independiente Rivadavia,DEL,700000
Victorio Ramis,Independiente Rivadavia,DEL,1500000
Mauro Maidana,Independiente Rivadavia,DEF,1100000
Antonio Napolitano,Independiente Rivadavia,DEF,300000
Jorge Sanguina,Independiente Rivadavia,DEL,700000
Gastón Gil Romero,Independiente Rivadavia,VOL,2200000
Fabrizio Sartori,Independiente Rivadavia,DEL,900000
Álvaro Dionisio,Independiente Rivadavia,DEF,400000
Diego Tonetto,Independiente Rivadavia,VOL,600000
Nahuel Gallardo,Independiente Rivadavia,DEF,1000000
Joel Soñora,Independiente Rivadavia,VOL,1500000
Emiliano Saliadarre,Independiente Rivadavia,DEL,600000
Julián Ascacibar,Independiente Rivadavia,VOL,900000
Mauricio Cardillo,Independiente Rivadavia,VOL,300000
Francisco Maidana,Independiente Rivadavia,VOL,300000
Juan Manuel Vázquez,Independiente Rivadavia,VOL,300000
Mariano Monllor,Independiente Rivadavia,ARQ,300000
Mateo Ortale,Independiente Rivadavia,DEF,300000
Imanol Segovia,Independiente Rivadavia,DEF,900000
Fredy Vera,Independiente Rivadavia,VOL,500000
Juan Vera,Independiente Rivadavia,VOL,300000
Juan Ignacio Ramírez,Newell's OB,DEL,4000000
Gustavo Velásquez,Newell's OB,DEF,3900000
Ángelo Martino,Newell's OB,DEF,2900000
Armando Méndez,Newell's OB,DEF,3500000
Rodrigo Fernández,Newell's OB,VOL,1400000
Éver Banega,Newell's OB,VOL,5800000
Saúl Salcedo,Newell's OB,DEF,2000000
Francisco González,Newell's OB,DEL,1500000
Ramiro Macagno,Newell's OB,ARQ,3500000
Lucas Hoyos,Newell's OB,ARQ,3000000
Fernando David Cardozo,Newell's OB,DEL,1400000
Juan Ignacio Méndez,Newell's OB,VOL,2600000
Ian Glavinovich,Newell's OB,DEF,300000
Lucas Besozzi,Newell's OB,DEL,1500000
Jerónimo Cacciabue,Newell's OB,VOL,1300000
Tomás Pérez,Newell's OB,VOL,300000
Augusto Schott,Newell's OB,DEF,2500000
Matko Miljevic,Newell's OB,VOL,1700000
Mateo Silvetti,Newell's OB,DEL,300000
Julián Fernández,Newell's OB,VOL,1800000
Juan Manuel García,Newell's OB,DEL,3000000
Tomás Jacob,Newell's OB,DEF,400000
Brian Aguirre,Newell's OB,VOL,1000000
Brian Calderara,Newell's OB,DEF,1900000
Gabriel Carabajal,Newell's OB,VOL,2600000
Leonel Vangioni,Newell's OB,DEF,3100000
Giovani Chiaverano,Newell's OB,DEL,300000
Guillermo Balzi,Newell's OB,VOL,800000
Valentino Acuña,Newell's OB,VOL,500000
Fabricio Tirado,Newell's OB,VOL,300000
Guillermo May,Newell's OB,DEL,800000
Pablo Altamirano,Newell's OB,VOL,300000
Franco Díaz,Newell's OB,VOL,1000000
Esteban Fernández,Newell's OB,VOL,800000
Misael Jaime,Newell's OB,VOL,300000
Jeremías Pérez Tica,Newell's OB,DEL,300000
Lucas Baños,Newell's OB,DEF,300000
Ignacio Schor,Newell's OB,VOL,1000000
Agustín Juárez,Newell's OB,DEL,300000
Lucas Mihovilcevich,Newell's OB,DEF,300000
Ezequiel Moya,Newell's OB,DEF,300000
Faustino Piotti,Newell's OB,ARQ,300000
Joaquín Plaza,Newell's OB,DEL,300000
Josue Reinatti,Newell's OB,ARQ,300000
Valentino Torrente,Newell's OB,DEF,300000
Luis Ingolotti,Cen. Córdoba–SdE,ARQ,800000
Kevin Vázquez,Cen. Córdoba–SdE,VOL,800000
Rodrigo Atencio,Cen. Córdoba–SdE,VOL,1000000
Sebastián Valdez,Cen. Córdoba–SdE,DEF,600000
Matías Godoy,Cen. Córdoba–SdE,DEL,2200000
Rafael Barrios,Cen. Córdoba–SdE,DEF,700000
Lucas Abascia,Cen. Córdoba–SdE,DEF,500000
Lucas Varaldo,Cen. Córdoba–SdE,DEL,500000
Elías Cabrera,Cen. Córdoba–SdE,VOL,800000
Juan Meli,Cen. Córdoba–SdE,DEF,1000000
Lautaro Rivero,Cen. Córdoba–SdE,DEF,400000
Jose Florentín,Cen. Córdoba–SdE,VOL,1800000
Santiago Laquidaín,Cen. Córdoba–SdE,DEF,500000
Mateo Sanabria,Cen. Córdoba–SdE,VOL,1000000
Yonatthan Rak,Cen. Córdoba–SdE,DEF,1000000
Walter Montoya,Cen. Córdoba–SdE,VOL,2800000
Tomás Molina,Cen. Córdoba–SdE,DEL,1000000
Oscar Garrido,Cen. Córdoba–SdE,DEF,600000
Luis Angulo,Cen. Córdoba–SdE,DEL,1000000
Gonzalo Trindade,Cen. Córdoba–SdE,DEF,400000
Alexis Segovia,Cen. Córdoba–SdE,DEL,600000
Fernando Benítez,Cen. Córdoba–SdE,DEL,900000
Luis Sánchez,Cen. Córdoba–SdE,VOL,800000
Brian Alexis Leizza,Cen. Córdoba–SdE,DEF,1000000
Dardo Miloc,Cen. Córdoba–SdE,DEF,1000000
Cristian Vega,Cen. Córdoba–SdE,VOL,1600000
Gonzalo Álvez,Cen. Córdoba–SdE,DEF,300000
José Gómez,Cen. Córdoba–SdE,DEF,500000
Iván Pillud,Cen. Córdoba–SdE,DEF,2700000
Franco Aragón,Cen. Córdoba–SdE,VOL,600000
Thiago Nuss,Cen. Córdoba–SdE,DEL,1700000
Ramón Cansinos,Cen. Córdoba–SdE,VOL,300000
Favio Cabral,Cen. Córdoba–SdE,DEL,500000
Nicolás Quagliata,Cen. Córdoba–SdE,DEL,700000
Federico Andueza,Cen. Córdoba–SdE,DEF,1000000
Florián Monzón,Cen. Córdoba–SdE,DEL,1000000
Manuel Palavecino,Cen. Córdoba–SdE,VOL,300000
Fernando Martínez,Cen. Córdoba–SdE,DEL,300000
Agustín Morales,Cen. Córdoba–SdE,DEL,500000
Galván Vittar,Cen. Córdoba–SdE,DEL,300000
Yuri Casermeiro,Cen. Córdoba–SdE,VOL,300000
Lautaro Bursich,Cen. Córdoba–SdE,ARQ,300000
Brandon Cortés,Cen. Córdoba–SdE,VOL,300000
Lucas Cuevas,Cen. Córdoba–SdE,VOL,300000
Matías Díaz,Cen. Córdoba–SdE,DEL,300000
Leonardo Marchi,Cen. Córdoba–SdE,DEF,500000
Andrés Mehring,Cen. Córdoba–SdE,ARQ,300000
Brian Rojas,Cen. Córdoba–SdE,VOL,300000
Diego Matías Rodríguez,Arg Juniors,ARQ,4600000
Francisco Álvarez,Arg Juniors,DEF,2000000
Alan Lescano,Arg Juniors,VOL,3500000
Nicolás Oróz,Arg Juniors,VOL,3000000
Gastón Verón,Arg Juniors,DEL,2000000
Román Vega,Arg Juniors,DEF,1500000
Alan Rodríguez,Arg Juniors,VOL,1200000
Jonathan Galván,Arg Juniors,DEF,2000000
Thiago Santamaría,Arg Juniors,DEF,300000
José Herrera,Arg Juniors,DEL,2500000
Ariel Gamarra,Arg Juniors,VOL,900000
Tobías Palacio,Arg Juniors,DEF,1500000
Maximiliano Romero,Arg Juniors,DEL,3000000
Emiliano Viveros,Arg Juniors,VOL,500000
Kevin Coronel,Arg Juniors,DEF,300000
Sebastián Prieto,Arg Juniors,DEF,1800000
Luciano Gondou,Arg Juniors,DEL,5600000
Francis Mac Allister,Arg Juniors,VOL,1900000
Leonardo Heredia,Arg Juniors,DEL,2700000
Erik Godoy,Arg Juniors,DEF,2600000
Juan Cardozo,Arg Juniors,VOL,300000
Matías Perelló,Arg Juniors,DEL,600000
Santiago Montiel,Arg Juniors,DEF,1000000
Lucas Gómez,Arg Juniors,VOL,300000
Tomás Molina,Arg Juniors,DEL,2400000
Santiago Rodriguez,Arg Juniors,DEL,2400000
Fernando Meza,Arg Juniors,DEF,1500000
Mateo Díaz Chaves,Arg Juniors,VOL,300000
Cristian Ferreira,Arg Juniors,VOL,2500000
Facundo Báez,Arg Juniors,DEL,300000
Damián Batallini,Arg Juniors,VOL,1000000
Nicolás Cordero,Arg Juniors,DEL,1900000
Manuel Guillén,Arg Juniors,DEF,300000
Agustin Mangiaut,Arg Juniors,ARQ,300000
Franco Moyano,Arg Juniors,VOL,1000000
Jairo O'Neill,Arg Juniors,DEF,300000
Gonzalo Siri Payer,Arg Juniors,ARQ,300000
Jhohan Romaña,San Lorenzo,DEF,2500000
Gastón Campi,San Lorenzo,DEF,2500000
Elian Irala,San Lorenzo,VOL,1500000
Alexis Cuello,San Lorenzo,DEL,1100000
Ivan Leguizamon,San Lorenzo,DEL,1500000
Gastón Gómez,San Lorenzo,ARQ,3200000
Eric Remedi,San Lorenzo,VOL,3500000
Elías Báez,San Lorenzo,DEF,300000
Malcom Braida,San Lorenzo,DEF,4200000
Gonzalo Luján,San Lorenzo,DEF,2000000
Facundo Altamirano,San Lorenzo,ARQ,3500000
Oscar Arias,San Lorenzo,DEF,300000
Nahuel Barrios,San Lorenzo,VOL,3500000
Matías Reali,San Lorenzo,DEL,2300000
Cristian Tarragona,San Lorenzo,DEL,4000000
Nicolás Tripichio,San Lorenzo,DEF,3000000
Santiago Sosa,San Lorenzo,VOL,300000
Ezequiel Cerutti,San Lorenzo,DEL,3000000
Nahuel Bustos,San Lorenzo,DEL,3700000
Daniel Herrera,San Lorenzo,DEF,300000
Andrés Vombergar,San Lorenzo,DEL,3000000
Iker Muniain,San Lorenzo,DEL,6800000
Cristian Ferreira,San Lorenzo,VOL,1000000
Agustín Giay,San Lorenzo,DEF,2000000
Francisco Perruzzi,San Lorenzo,VOL,400000
Iván Tapia,San Lorenzo,VOL,1000000
Sebastián Blanco,San Lorenzo,VOL,2500000
Diego Herazo,San Lorenzo,DEL,1600000
Adam Bareiro,San Lorenzo,DEL,5000000
Mateo Clemente,San Lorenzo,ARQ,300000
Nicolás Hernández,San Lorenzo,DEF,500000
Carlos Sánchez,San Lorenzo,DEF,2000000
Francisco Fydriszewski,San Lorenzo,DEL,1900000
Tobías Medina,San Lorenzo,VOL,500000
Tomás Porra,San Lorenzo,VOL,300000
Facundo Bruera,San Lorenzo,DEF,1000000
Fabricio López,San Lorenzo,DEF,300000
Gonzalo Alassia,San Lorenzo,VOL,300000
Lucas Coronel,San Lorenzo,DEF,300000
Orlando Gil,San Lorenzo,ARQ,300000
Agustin Hausch,San Lorenzo,DEL,400000
Lautaro López,San Lorenzo,ARQ,300000
Agustín Martegani,San Lorenzo,VOL,1000000
Ramiro Pedroza,San Lorenzo,DEF,300000
Mauro Perez,San Lorenzo,VOL,300000
Juan Vega,San Lorenzo,VOL,300000
Juan Manuel Insaurralde,Sarmiento,DEF,3500000
Yair Ezequiel Arismendi,Sarmiento,DEF,1900000
Manuel García,Sarmiento,VOL,1300000
Emiliano Méndez,Sarmiento,VOL,1800000
Lucas Acosta,Sarmiento,ARQ,1500000
Elías López,Sarmiento,DEF,1300000
Joaquín Gho,Sarmiento,DEL,300000
Franco Paredes,Sarmiento,DEF,1000000
Gabriel Gudiño,Sarmiento,VOL,1000000
Ezequiel Naya,Sarmiento,DEL,800000
Gastón Sauro,Sarmiento,DEF,2600000
Iván Morales Bravo,Sarmiento,DEL,1100000
Valentín Burgoa,Sarmiento,VOL,1100000
Nicolás Gaitán,Sarmiento,VOL,3000000
Facundo Roncaglia,Sarmiento,DEF,2000000
Gabriel Díaz,Sarmiento,DEF,1700000
Jerónimo Pourtau,Sarmiento,ARQ,1000000
Juan Hernández,Sarmiento,DEF,1900000
Matías Rosales,Sarmiento,DEF,300000
Agustín Fontana,Sarmiento,DEL,1500000
Lisandro López,Sarmiento,DEL,3200000
Juan Guasone,Sarmiento,DEF,2100000
Juan Andrada,Sarmiento,VOL,1700000
Fernando Godoy,Sarmiento,VOL,1200000
Gabriel Hauche,Sarmiento,DEL,3000000
Sergio Quiroga,Sarmiento,VOL,2800000
Nahuel Gallardo,Sarmiento,DEF,1000000
Thyago Ayala,Sarmiento,ARQ,300000
Diego Calcaterra,Sarmiento,VOL,700000
José Mauri,Sarmiento,VOL,2600000
Manuel Mónaco,Sarmiento,VOL,800000
David Gallardo,Sarmiento,VOL,900000
Tomas Guiacobini,Sarmiento,VOL,300000
Diego Azcurra,Sarmiento,DEL,300000
Bryan Cabezas,Sarmiento,DEL,1800000
Franco Calderon,Sarmiento,DEL,300000
Lautaro Cerato,Sarmiento,DEL,300000
Nereo Champagne,Sarmiento,ARQ,1500000
Patricio Ferreira,Sarmiento,VOL,300000
Andrés Marsengo,Sarmiento,ARQ,300000
Santiago Morales,Sarmiento,DEF,600000
Agustín Seyral,Sarmiento,DEF,300000
Jeremías Vallejos,Sarmiento,DEF,300000
Facundo Sanguinetti,Banfield,ARQ,1500000
Alejandro Maciel,Banfield,DEF,2000000
Ignacio Rodríguez,Banfield,VOL,600000
Cristian Núñez,Banfield,VOL,1000000
Juan Álvarez,Banfield,DEL,1100000
Emanuel Insúa,Banfield,DEF,2500000
Nicolás Hernández,Banfield,DEF,800000
Bruno Sepúlveda,Banfield,DEL,2500000
Matías González,Banfield,VOL,1600000
Yonatan Rodríguez,Banfield,VOL,1500000
Mathías De Ritis,Banfield,DEF,400000
Jesús Soraire,Banfield,VOL,1800000
Ezequiel Cañete,Banfield,VOL,2200000
Aaron Quirós,Banfield,DEF,3000000
Milton Giménez,Banfield,DEL,4300000
Mauricio Roldán,Banfield,DEL,300000
Juan Bisanz,Banfield,DEL,2800000
Ramiro Di Luciano,Banfield,DEF,300000
Guillermo Enrique,Banfield,DEF,1200000
Braian Galván,Banfield,DEL,1700000
Gabriel Aranda,Banfield,DEF,1100000
Geronimo Rivera,Banfield,DEL,2100000
Alexis Maldonado,Banfield,DEF,700000
Damián Díaz,Banfield,VOL,2900000
Ezequiel Bonifacio,Banfield,DEF,1100000
Leandro Garate,Banfield,DEL,1500000
Lautaro Cardozo,Banfield,DEF,300000
Mateo Pérez,Banfield,DEF,300000
Marcelo Barovero,Banfield,ARQ,3500000
Juan Iribarren,Banfield,DEF,300000
Yvo Calleros,Banfield,VOL,700000
Marcos Echeverría,Banfield,DEL,300000
Lautaro Villegas,Banfield,VOL,300000
Luciano Recalde,Banfield,DEF,1000000
Juan Quintana,Banfield,DEF,300000
Lisandro Piñero,Banfield,DEL,300000
Federico Medina,Banfield,DEL,300000
Lautaro Gómez,Banfield,DEL,300000
Alexander Byndgaard,Banfield,DEL,300000
José Devecchi,Banfield,ARQ,3000000
Santiago Esquivel,Banfield,VOL,300000
Martin Lazarte,Banfield,DEF,300000
Agustín Obando,Banfield,DEL,1000000
Franco Quinteros,Banfield,DEF,300000
Facundo Vila,Banfield,ARQ,300000
Kevin Facundo Gutiérrez,Defensa y Just,VOL,3100000
Santi Ramos Mingo,Defensa y Just,DEF,2600000
Luciano Ramón Herrera,Defensa y Just,DEL,500000
Ezequiel Cannavo,Defensa y Just,DEF,300000
Emanuel Aguilera,Defensa y Just,DEF,2500000
Cristopher Fiermarin,Defensa y Just,ARQ,2300000
Juan Miritello,Defensa y Just,DEL,1800000
Aaron Nicolás Molinas,Defensa y Just,VOL,2500000
Lucas Ferreira,Defensa y Just,DEF,600000
Gabriel Alanís,Defensa y Just,VOL,2000000
Alexis Soto,Defensa y Just,DEF,3400000
Julián López,Defensa y Just,VOL,1500000
Enrique Bologna,Defensa y Just,ARQ,2500000
Kevin Lopez,Defensa y Just,VOL,1000000
Rodrigo Bogarín,Defensa y Just,VOL,1200000
Ignacio Galván,Defensa y Just,DEF,900000
Nicolás Palavecino,Defensa y Just,VOL,500000
Nicolás Tripichio,Defensa y Just,DEF,3000000
Abiel Osorio,Defensa y Just,DEL,1800000
Darío Cáceres,Defensa y Just,DEF,1400000
Ayrton Portillo,Defensa y Just,VOL,300000
Nicolás Fernández,Defensa y Just,DEL,4800000
César Pérez,Defensa y Just,VOL,1000000
Facundo Echevarría,Defensa y Just,DEL,500000
Matías Sosa,Defensa y Just,DEL,700000
David González,Defensa y Just,VOL,300000
Esteban Burgos,Defensa y Just,DEF,1000000
Esteban Lucero,Defensa y Just,DEF,300000
Benjamín Schamine,Defensa y Just,VOL,300000
Tobías Rubio,Defensa y Just,DEF,900000
Matías Ramírez,Defensa y Just,VOL,900000
Nicolás Blandi,Defensa y Just,DEL,2600000
Santiago Godoy,Defensa y Just,DEL,900000
Francisco Marco,Defensa y Just,DEF,300000
Andrés Berizovsky,Defensa y Just,DEF,300000
Tiago Ferreyra,Defensa y Just,DEL,300000
Mateo Aguiar,Defensa y Just,VOL,300000
Lorenzo Brun,Defensa y Just,DEL,300000
Elías Calderón,Defensa y Just,DEF,300000
Ramiro Garcia,Defensa y Just,ARQ,300000
Máximo Gonzales,Defensa y Just,ARQ,300000
Tiago Serrago,Defensa y Just,VOL,300000
Elián Sosa,Defensa y Just,DEL,700000
Alejo Valenzuela,Defensa y Just,DEF,300000
Yorman Zapata,Defensa y Just,DEL,300000
Gonzalo Goñi,Barracas Central,DEF,2300000
Nicolás Capraro,Barracas Central,DEF,700000
Rodrigo Insúa,Barracas Central,DEF,1000000
Rodrigo Herrera,Barracas Central,VOL,300000
Maximiliano Zalazar,Barracas Central,VOL,1500000
Siro Rosane,Barracas Central,VOL,700000
Marco Iacobellis,Barracas Central,VOL,400000
Sebastián Moyano,Barracas Central,ARQ,2700000
Alan Cantero,Barracas Central,DEL,1200000
Jhonatan Candia,Barracas Central,DEL,3000000
Alexis Dominguez,Barracas Central,DEL,1500000
Facundo Mater,Barracas Central,DEF,1800000
Lucas Brochero,Barracas Central,DEL,1500000
Nicolás Demartini,Barracas Central,DEF,700000
Iván Tapia,Barracas Central,VOL,2300000
Pedro Velurtas,Barracas Central,DEF,600000
Marcelo Miño,Barracas Central,ARQ,1500000
Javier Ruiz,Barracas Central,VOL,600000
Dardo Miloc,Barracas Central,VOL,1000000
Rafael Ferrario,Barracas Central,ARQ,300000
Federico Aguirre,Barracas Central,DEL,400000
Santiago Coronel,Barracas Central,VOL,800000
Daniel Juárez,Barracas Central,DEL,700000
Manuel Agustín Duarte,Barracas Central,VOL,900000
Alex Juárez,Barracas Central,VOL,300000
Nicolás Tolosa,Barracas Central,DEF,900000
Maximiliano Puig,Barracas Central,VOL,400000
Carlos Sánchez,Barracas Central,DEF,2500000
Diego Pavia,Barracas Central,DEF,300000
Facundo Krüger,Barracas Central,DEL,700000
Carlos Arce,Barracas Central,VOL,2000000
Agustín Irazoque,Barracas Central,DEF,300000
Bahiano Benjamín García,Barracas Central,VOL,300000
Facundo Bruera,Barracas Central,DEL,1600000
Lucas Faggioli,Barracas Central,DEF,600000
Santiago Villalba,Barracas Central,VOL,300000